No,Date,Phase,Post,HTML,Caption,Icon PNG,Bee PNG
01,03/05/2026,TN THPT 2026,ĐỪNG ĐỂ LỠ HẠN,html/01-tnthpt-registration-deadline.html,captions/01-tnthpt-registration-deadline.txt,assets/icons/alarm.png,assets/illustrations/bee-main.png
02,16/05/2026,ĐGNL ĐỢT 2,KIỂM TRA NGAY,html/02-dgnl-admission-ticket.html,captions/02-dgnl-admission-ticket.txt,assets/icons/ticket.png,assets/illustrations/bee-cool.png
03,21/05/2026,ĐGNL ĐỢT 2,TRƯỚC NGÀY THI,html/03-dgnl-checklist.html,captions/03-dgnl-checklist.txt,assets/icons/checklist.png,assets/illustrations/bee-study.png
04,23/05/2026,ĐGNL ĐỢT 2,MAI THI RỒI,html/04-dgnl-good-luck.html,captions/04-dgnl-good-luck.txt,assets/icons/heart.png,assets/illustrations/bee-goodluck.png
05,24/05/2026,ĐGNL ĐỢT 2,CHÚC SĨ TỬ VỮNG TÂM,html/05-dgnl-test-day.html,captions/05-dgnl-test-day.txt,assets/icons/calendar.png,assets/illustrations/bee-main.png
06,04/06/2026,TN THPT 2026,ÔN GỌN - NGỦ ĐỦ,html/06-tnthpt-one-week-checklist.html,captions/06-tnthpt-one-week-checklist.txt,assets/icons/book.png,assets/illustrations/bee-study.png
07,06/06/2026,ĐGNL ĐỢT 2,BƯỚC TIẾP THEO LÀ GÌ?,html/07-dgnl-result-next-steps.html,captions/07-dgnl-result-next-steps.txt,assets/icons/result.png,assets/illustrations/bee-cool.png
08,09/06/2026,TN THPT 2026,TRƯỚC KHI VÀO THI,html/08-tnthpt-final-checklist.html,captions/08-tnthpt-final-checklist.txt,assets/icons/checklist.png,assets/illustrations/bee-study.png
09,10/06/2026,TN THPT 2026,NGỦ SỚM NHA,html/09-tnthpt-night-before.html,captions/09-tnthpt-night-before.txt,assets/icons/heart.png,assets/illustrations/bee-goodluck.png
10,11/06/2026,TN THPT 2026,VỮNG TÂM VÀO PHÒNG THI,html/10-tnthpt-test-day-one.html,captions/10-tnthpt-test-day-one.txt,assets/icons/calendar.png,assets/illustrations/bee-main.png
11,12/06/2026,TN THPT 2026,CỐ THÊM MỘT CHÚT,html/11-tnthpt-test-day-two.html,captions/11-tnthpt-test-day-two.txt,assets/icons/calendar.png,assets/illustrations/bee-cool.png
12,01/07/2026,TN THPT 2026,CÓ ĐIỂM RỒI!,html/12-tnthpt-result-day.html,captions/12-tnthpt-result-day.txt,assets/icons/result.png,assets/illustrations/bee-main.png
